{
  "project_info": {
    "project_number": "473067545836",
    "project_id": "naklibeta-app",
    "storage_bucket": "naklibeta-app.appspot.com"
  },
  "client": [
    {
      "client_info": {
        "mobilesdk_app_id": "1:473067545836:android:c076ae3227aeb2dd6871c9",
        "android_client_info": {
          "package_name": "com.service.naklibeta.nakli_beta_service_provider"
        }
      },
      "oauth_client": [
        {
          "client_id": "473067545836-ql1a2cm4qdl25nvckpm9rr0juejc1ogs.apps.googleusercontent.com",
          "client_type": 3
        }
      ],
      "api_key": [
        {
          "current_key": "AIzaSyBUOzZ8nVfJZqVvkDtbBsi0NFiLHuJvYpk"
        }
      ],
      "services": {
        "appinvite_service": {
          "other_platform_oauth_client": [
            {
              "client_id": "473067545836-ql1a2cm4qdl25nvckpm9rr0juejc1ogs.apps.googleusercontent.com",
              "client_type": 3
            },
            {
              "client_id": "473067545836-3q6ft9koeh7mpsu04hep2ln18ud1eclf.apps.googleusercontent.com",
              "client_type": 2,
              "ios_info": {
                "bundle_id": "com.service.naklibeta.sp"
              }
            }
          ]
        }
      }
    }
  ],
  "configuration_version": "1"
}